{"cameraMode":{"drawMode":0,"name":"Shaded","section":"Shading Mode"},"sceneLighting":true,"audioPlay":false,"sceneViewState":{"showFog":true,"showMaterialUpdate":false,"showSkybox":true,"showFlares":true,"showImageEffects":true,"showParticleSystems":true},"in2DMode":false,"pivot":{"x":0.4082298278808594,"y":0.8246135711669922,"z":-0.9581985473632813},"rotation":{"x":-0.08168599754571915,"y":0.9053190350532532,"z":-0.20321664214134217,"w":-0.36390653252601626},"size":155.29310607910157,"orthographic":false}