{"cameraMode":{"drawMode":0,"name":"Shaded","section":"Shading Mode"},"sceneLighting":true,"audioPlay":false,"sceneViewState":{"showFog":true,"showMaterialUpdate":false,"showSkybox":true,"showFlares":true,"showImageEffects":true,"showParticleSystems":true},"in2DMode":false,"pivot":{"x":46.95024108886719,"y":75.1911849975586,"z":-64.32487487792969},"rotation":{"x":0.3103887140750885,"y":-0.2279813289642334,"z":0.07694446295499802,"w":0.9196537137031555},"size":21.385313034057618,"orthographic":true}