{"cameraMode":{"drawMode":0,"name":"Shaded","section":"Shading Mode"},"sceneLighting":true,"audioPlay":false,"sceneViewState":{"showFog":true,"showMaterialUpdate":false,"showSkybox":true,"showFlares":true,"showImageEffects":true,"showParticleSystems":true},"in2DMode":false,"pivot":{"x":-1.8676693439483643,"y":114.53521728515625,"z":-135.0089111328125},"rotation":{"x":0.3212043046951294,"y":0.0014202295569702983,"z":-0.00048229380627162755,"w":0.9470087885856628},"size":19.073497772216798,"orthographic":true}