{"cameraMode":{"drawMode":0,"name":"Shaded","section":"Shading Mode"},"sceneLighting":true,"audioPlay":false,"sceneViewState":{"showFog":true,"showMaterialUpdate":false,"showSkybox":true,"showFlares":true,"showImageEffects":true,"showParticleSystems":true},"in2DMode":false,"pivot":{"x":10.24908447265625,"y":71.5390625,"z":-73.859375},"rotation":{"x":0.32933467626571658,"y":-0.04529877007007599,"z":0.01581973023712635,"w":0.9429933428764343},"size":16.311622619628908,"orthographic":true}